"data.set","outbreak.id","report.date","event.type","year.start","month.start","year.end","month.end","year","country","adm0","Event_ID","shp.type","adm1","adm2","adm3","lon","lat","province","district","subdistrict","cases.reported","cases.confirmed","deaths.reported","deaths.confirmed","test","response.campaign","remark","lit.ref","urbanrural","month","adm0_adm1"
"WHO Siterep",366,"13-Jun-16","outbreak",2016,3,2016,NA,2016,"DR Congo","COD",NA,"gadm2",641,"34",NA,NA,NA,"Orientale","Bas-Uele",NA,1,1,NA,NA,NA,NA,NA,NA,NA,3,"COD_9"
"WHO Siterep",366,"13-Jun-16","outbreak",2016,3,2016,NA,2016,"DR Congo","COD",NA,"gadm2",639,"29",NA,NA,NA,"Kinshasa City","Kinshasa",NA,16,16,NA,NA,NA,NA,NA,NA,NA,3,"COD_7"
"WHO Siterep",366,"13-Jun-16","outbreak",2016,3,2016,NA,2016,"DR Congo","COD",NA,"gadm2",634,NA,NA,NA,NA,"Bas-Congo",NA,NA,36,36,NA,NA,NA,NA,NA,NA,NA,3,"COD_2"
"WHO Siterep",366,"13-Jun-16","outbreak",2016,3,2016,NA,2016,"DR Congo","COD",NA,"gadm2",633,"2",NA,NA,NA,"Bandundu","Kwango",NA,7,7,NA,NA,NA,NA,NA,NA,NA,3,"COD_1"
"WHO Siterep",366,"13-Jun-16","outbreak",2016,3,2016,NA,2016,"DR Congo","COD",NA,"gadm2",635,"15",NA,NA,NA,"Equateur","Tshuapa",NA,1,1,NA,NA,NA,NA,NA,NA,NA,3,"COD_3"
"WHO Siterep",365,"02-Jun-16","outbreak",2016,4,2016,NA,2016,"Uganda","UGA",NA,"gadm2",3112,NA,NA,NA,NA,"Masaka",NA,NA,68,7,NA,NA,NA,NA,NA,NA,NA,4,"UGA_35"
"WHO Siterep",364,"24-Jul-16","outbreak",2016,1,2016,NA,2016,"Angola","AGO",NA,"gadm2",33,NA,NA,NA,NA,"Bengo",NA,NA,25,6,NA,NA,NA,NA,NA,NA,NA,1,"AGO_1"
"WHO Siterep",364,"24-Jul-16","outbreak",2016,1,2016,NA,2016,"Angola","AGO",NA,"gadm2",34,NA,NA,NA,NA,"Benguela",NA,NA,401,116,NA,NA,NA,NA,NA,NA,NA,1,"AGO_2"
"WHO Siterep",364,"24-Jul-16","outbreak",2016,1,2016,NA,2016,"Angola","AGO",NA,"gadm2",35,NA,NA,NA,NA,"Bie",NA,NA,36,16,NA,NA,NA,NA,NA,NA,NA,1,"AGO_3"
"WHO Siterep",364,"24-Jul-16","outbreak",2016,1,2016,NA,2016,"Angola","AGO",NA,"gadm2",36,NA,NA,NA,NA,"Cabinda",NA,NA,43,1,NA,NA,NA,NA,NA,NA,NA,1,"AGO_4"
"WHO Siterep",364,"24-Jul-16","outbreak",2016,1,2016,NA,2016,"Angola","AGO",NA,"gadm2",37,NA,NA,NA,NA,"Cuando Cubango",NA,NA,9,1,NA,NA,NA,NA,NA,NA,NA,1,"AGO_5"
"WHO Siterep",364,"24-Jul-16","outbreak",2016,1,2016,NA,2016,"Angola","AGO",NA,"gadm2",38,NA,NA,NA,NA,"Cuanza Norte",NA,NA,71,11,NA,NA,NA,NA,NA,NA,NA,1,"AGO_6"
"WHO Siterep",364,"24-Jul-16","outbreak",2016,1,2016,NA,2016,"Angola","AGO",NA,"gadm2",39,NA,NA,NA,NA,"Cuanza Sul",NA,NA,128,16,NA,NA,NA,NA,NA,NA,NA,1,"AGO_7"
"WHO Siterep",364,"24-Jul-16","outbreak",2016,1,2016,NA,2016,"Angola","AGO",NA,"gadm2",40,NA,NA,NA,NA,"Cunene",NA,NA,58,15,NA,NA,NA,NA,NA,NA,NA,1,"AGO_8"
"WHO Siterep",364,"24-Jul-16","outbreak",2016,1,2016,NA,2016,"Angola","AGO",NA,"gadm2",41,NA,NA,NA,NA,"Huambo",NA,NA,608,127,NA,NA,NA,NA,NA,NA,NA,1,"AGO_9"
"WHO Siterep",364,"24-Jul-16","outbreak",2016,1,2016,NA,2016,"Angola","AGO",NA,"gadm2",42,NA,NA,NA,NA,"Huila",NA,NA,142,33,NA,NA,NA,NA,NA,NA,NA,1,"AGO_10"
"WHO Siterep",364,"24-Jul-16","outbreak",2016,1,2016,NA,2016,"Angola","AGO",NA,"gadm2",43,NA,NA,NA,NA,"Luanda",NA,NA,1984,487,NA,NA,NA,NA,NA,NA,NA,1,"AGO_11"
"WHO Siterep",364,"24-Jul-16","outbreak",2016,1,2016,NA,2016,"Angola","AGO",NA,"gadm2",44,NA,NA,NA,NA,"Lunda Norte",NA,NA,67,26,NA,NA,NA,NA,NA,NA,NA,1,"AGO_12"
"WHO Siterep",364,"24-Jul-16","outbreak",2016,1,2016,NA,2016,"Angola","AGO",NA,"gadm2",45,NA,NA,NA,NA,"Lunda Sul",NA,NA,11,0,NA,NA,NA,NA,NA,NA,NA,1,"AGO_13"
"WHO Siterep",364,"24-Jul-16","outbreak",2016,1,2016,NA,2016,"Angola","AGO",NA,"gadm2",46,NA,NA,NA,NA,"Malanje",NA,NA,28,7,NA,NA,NA,NA,NA,NA,NA,1,"AGO_14"
"WHO Siterep",364,"24-Jul-16","outbreak",2016,1,2016,NA,2016,"Angola","AGO",NA,"gadm2",47,NA,NA,NA,NA,"Moxico",NA,NA,5,0,NA,NA,NA,NA,NA,NA,NA,1,"AGO_15"
"WHO Siterep",364,"24-Jul-16","outbreak",2016,1,2016,NA,2016,"Angola","AGO",NA,"gadm2",48,NA,NA,NA,NA,"Namibe",NA,NA,14,2,NA,NA,NA,NA,NA,NA,NA,1,"AGO_16"
"WHO Siterep",364,"24-Jul-16","outbreak",2016,1,2016,NA,2016,"Angola","AGO",NA,"gadm2",49,NA,NA,NA,NA,"Uige",NA,NA,81,9,NA,NA,NA,NA,NA,NA,NA,1,"AGO_17"
"WHO Siterep",364,"24-Jul-16","outbreak",2016,1,2016,NA,2016,"Angola","AGO",NA,"gadm2",50,NA,NA,NA,NA,"Zaire",NA,NA,37,6,NA,NA,NA,NA,NA,NA,NA,1,"AGO_18"
"don",363,"24-Apr-14",NA,2013,12,2014,NA,2014,"DR Congo","COD",NA,"gadm2",641,"10250",NA,NA,NA,"Orientale","Bas-Uele","Bondo, Buta",116,5,NA,NA,"IgM, PRNT","planned","mass vaccination campaign, 559876 doses (where??), planned for 1 May 2014",NA,NA,12,"COD_9"
"don",363,"24-Apr-14",NA,2014,2,2014,NA,2014,"DR Congo","COD",NA,"gadm2",638,"10239",NA,NA,NA,"Katanga ","Haut-Lomami","Kikondja ",23,1,NA,NA,"IgM, PRNT","planned","mass vaccination campaign, 559876 doses (where??), planned for 1 May 2014",NA,NA,2,"COD_6"
"don",362,"03-Dec-13",NA,2013,10,2013,"11",2013,"Sudan","SDN",NA,"gadm2",2628,"31071",NA,NA,NA,"Kordofan","West Kordofan",NA,NA,NA,NA,NA,"IgM, PRNT","planned",NA,NA,NA,10,"SDN_5"
"don",362,"03-Dec-13",NA,2013,10,2013,"11",2013,"Sudan","SDN",NA,"gadm2",2628,"31070",NA,NA,NA,"Kordofan","South Kordofan State",NA,NA,NA,NA,NA,"IgM, PRNT","planned",NA,NA,NA,10,"SDN_5"
"don",361,"08-Oct-13",NA,2013,4,NA,NA,2013,"Cameroon","CMR",NA,"gadm1",627,NA,NA,NA,NA,"Littoral","Ndom health district",NA,2,2,NA,NA,"IgM, PRNT","yes","663900 people in 13 health districts in Littoral region, 94% coverage reported",NA,NA,4,"CMR_5"
"don",360,"14-Jun-13",NA,2013,3,NA,NA,2013,"DR Congo","COD",NA,"gadm3",637,"10235","22753",NA,NA,"Kasai-Oriental","Kabinda","Lubao",4,4,NA,NA,NA,"yes","503426 people targeted in the 3 health zones affected, 559000 doses",NA,NA,3,"COD_5"
"don",360,"14-Jun-13",NA,2013,3,NA,NA,2013,"DR Congo","COD",NA,"gadm3",640,"10247","22792",NA,NA,"Kivu","Maniema","Kibombo: Kamana",1,1,NA,NA,NA,"yes","503426 people targeted in the 3 health zones affected, 559000 doses",NA,NA,3,"COD_8"
"don",359,"31-May-13",NA,2013,1,NA,NA,2013,"Ethiopia","ETH",NA,"gadm2",977,"13711",NA,NA,NA,"Southern Nations, Nationalities and Peoples","South Omo",NA,6,6,NA,NA,"IgM","yes","527000 people targeted in 6 districts +1 town in South Omo Zone",NA,NA,1,"ETH_10"
"don",358,"14-Feb-13","outbreak",2012,12,2012,"12",2012,"Chad","TCD",NA,"gadm1",2815,NA,NA,NA,NA,"Wadi Fira","Goz Beida & Guereda",NA,2,2,NA,NA,NA,"yes",">1million people in Goz Beida, Guereda &Andre districts (neighbouring Darfur in Sudan)",NA,NA,12,"TCD_18"
"don",358,"14-Feb-13","outbreak",2012,12,2012,"12",2012,"Chad","TCD",NA,"gadm1",2811,NA,NA,NA,NA,"Ouaddai",NA,NA,0,0,NA,NA,NA,"yes",">1million people in Goz Beida, Guereda &Andre districts (neighbouring Darfur in Sudan)",NA,NA,12,"TCD_14"
"don",357,"12-Dec-12","outbreak",2012,10,2012,"10",2012,"Republic of Congo","COG",NA,"gadm2",644,"10267",NA,NA,NA,"Cuvette West region","Ewo","Mbama, Ewo, Okoyo",1,1,NA,NA,NA,"yes","35000 people targeted, case identified through surveillance",NA,NA,10,"COG_2"
"don",356,"06-Dec-12","outbreak",2012,9,2012,"12",2012,"Sudan","SDN",NA,"gadm1",2624,NA,NA,NA,NA,"Darfur","Darfur, 33 of 64 localities affected",NA,732,40,165,NA,"IgM Elisa & RT-PCR","yes","mass vaccination campaign in the 12 most affected localities, targeting 2.2 million people from 21 Nov 2012, 2nd phase mass vaccination targeting an additional 1.2 million people, planned for December",NA,NA,9,"SDN_2"
"don",1,"03-Feb-12","outbreak",2011,10,2011,"12",2011,"Cameroon","CMR",NA,"gadm2",628,"10190","CMP006003003000000000",NA,NA,"North","Mayo Louti","Guider",NA,NA,NA,NA,NA,"yes",NA,NA,NA,10,"CMR_7"
"don",1,"03-Feb-12","outbreak",2011,10,2011,"12",2011,"Cameroon","CMR",NA,"gadm2",628,"10188","CMP006004003000000000",NA,NA,"North","Benoue","Bibemi",NA,NA,NA,NA,NA,"yes",NA,NA,NA,10,"CMR_7"
"don",1,"03-Feb-12","outbreak",2011,10,2011,"12",2011,"Cameroon","CMR",NA,"gadm2",628,"10188","CMP006004001000000000",13.362007,9.428741,"North","Benoue","Gaschiga",NA,NA,NA,NA,NA,"yes",NA,NA,NA,10,"CMR_7"
"don",1,"03-Feb-12","outbreak",2011,10,2011,"12",2011,"Cameroon","CMR",NA,"gadm2",628,"10188","CMP006004001000000000",13.662672,9.056159,"North","Benoue","Lagdo",NA,NA,NA,NA,NA,"yes",NA,NA,NA,10,"CMR_7"
"don",1,"03-Feb-12","outbreak",2011,10,2011,"12",2011,"Cameroon","CMR",NA,"gadm2",628,"10190","CMP006003001000000000",NA,NA,"North","Mayo Louti","Mayo Oulo",NA,NA,NA,NA,NA,"yes",NA,NA,NA,10,"CMR_7"
"don",1,"03-Feb-12","outbreak",2011,10,2011,"12",2011,"Cameroon","CMR",NA,"gadm2",628,"10190","CMP006003004000000000",13.861198,9.650846,"North","Mayo Louti","Golombe",NA,NA,NA,NA,NA,"yes",NA,NA,NA,10,"CMR_7"
"don",5,"25-Jan-11","outbreak",NA,NA,2011,"1",2011,"Cote d'Ivoire","CIV",NA,"gadm3",620,"10155",NA,NA,NA,"Worodougou","Séguéla",NA,14,NA,10,NA,NA,"yes",NA,NA,NA,1,"CIV_18"
"don",5,"25-Jan-11","outbreak",NA,NA,2011,"1",2011,"Cote d'Ivoire","CIV",NA,"gadm3",620,"10154",NA,NA,NA,"Worodougou","Mankono",NA,1,NA,0,NA,NA,"yes",NA,NA,NA,1,"CIV_18"
"don",5,"25-Jan-11","outbreak",NA,NA,2011,"1",2011,"Cote d'Ivoire","CIV",NA,"gadm3",619,"10149",NA,NA,NA,"Vallee du Bandama","Beoumi",NA,18,NA,9,NA,NA,"yes",NA,NA,NA,1,"CIV_17"
"don",5,"25-Jan-11","outbreak",NA,NA,2011,"1",2011,"Cote d'Ivoire","CIV",NA,"gadm3",619,"10152",NA,NA,NA,"Vallee du Bandama","Katiola",NA,46,NA,16,NA,NA,"yes",NA,NA,NA,1,"CIV_17"
"don",2,"03-Feb-12","outbreak",2011,10,NA,NA,2011,"Ghana","GHA",NA,"gadm2",1052,"14294",NA,NA,NA,"Upper East","Builsa",NA,1,1,NA,NA,NA,"yes",NA,NA,NA,10,"GHA_7"
"don",2,"03-Feb-12","outbreak",2011,10,NA,NA,2011,"Ghana","GHA",NA,"gadm2",1052,"14296",NA,NA,NA,"Upper East","Kassena-Nankana-West",NA,1,1,1,1,NA,"yes",NA,NA,NA,10,"GHA_7"
"don",2,"03-Feb-12","outbreak",2011,10,NA,NA,2011,"Ghana","GHA",NA,"gadm2",1047,"14277",NA,NA,NA,"Brong Ahafo","Kitampo-South",NA,1,1,NA,NA,NA,"yes",NA,NA,NA,10,"GHA_2"
"don",3,"01-Dec-11","outbreak",2011,7,2011,"8",2011,"Senegal","SEN",NA,"gadm2",2639,"31099",NA,NA,NA,"Tambacounda","Kedougou","Kedougou",NA,NA,NA,NA,NA,"yes",NA,NA,NA,7,"SEN_9"
"don",3,"01-Dec-11","outbreak",2011,7,2011,"8",2011,"Senegal","SEN",NA,"gadm2",2639,"31099",NA,NA,NA,"Tambacounda","Kedougou","Saraya",NA,NA,NA,NA,NA,"yes",NA,NA,NA,7,"SEN_9"
"don",9,"27-May-10","outbreak",2010,1,NA,NA,2010,"Cameroon","CMR",NA,"gadm1",632,"CMP010004000000000000","CMP010004001000000000",NA,NA,"South-West","Kumba",NA,1,1,NA,NA,"IgM Elisa, PRNT","yes",NA,NA,NA,1,"CMR_9"
"don",10,"24-Feb-10","outbreak",2009,10,2010,"1",2010,"Cameroon","CMR",NA,"gadm2",630,"10204","CMP008004002000000000",NA,NA,"Western region",NA,"Banjoun",2,2,2,2,NA,"yes",NA,NA,NA,10,"CMR_8"
"don",10,"24-Feb-10","outbreak",2009,10,2010,"1",2010,"Cameroon","CMR",NA,"gadm2",630,"10206","CMP010006001000000000",NA,NA,"Western region",NA,"Fantun/Fombat",1,1,1,1,NA,"yes","cases exported from the Gambia, Tanji locality",NA,NA,10,"CMR_8"
NA,314,"wer 8634","outbreak",2010,6,NA,NA,2010,"Cameroon","CMR",NA,"gadm1",631,NA,NA,NA,NA,"Southern","Ebolowa",NA,3,3,0,0,NA,"no",NA,NA,NA,6,"CMR_10"
NA,315,"wer 8634","outbreak",2010,9,NA,NA,2010,"Cameroon","CMR",NA,"gadm1",627,NA,NA,NA,NA,"Littoral","Nkongsamba",NA,2,2,0,0,NA,"no",NA,NA,NA,9,"CMR_5"
NA,316,"wer 8604","outbreak",2009,5,NA,NA,2009,"Chad","TCD",NA,"gadm1",2815,NA,NA,NA,NA,"Wadi Fira","Irida",NA,3,1,NA,NA,NA,"no",NA,NA,NA,5,"TCD_18"
"don",8,"don 19-Jul-2010, wer 8634","outbreak",2010,3,2010,"7",2010,"DR Congo","COD",NA,"gadm2",641,"10250",NA,NA,NA,"Orientale","Base Ouele","Titule",12,2,2,NA,"IgM Elisa, PRNT","no",NA,NA,NA,3,"COD_9"
NA,317,"wer 8634","outbreak",2010,1,2010,NA,2010,"Guinea","GIN",NA,"gadm2",1060,"14347",NA,NA,NA,"Kankan","Mandiana prefecture",NA,9,2,0,0,NA,"yes",NA,NA,NA,1,"GIN_4"
"don",7,"don 05-Oct-2010, wer 8634","outbreak",2010,9,NA,NA,2010,"Senegal","SEN",NA,"gadm2",2640,"31101",NA,NA,NA,"Thies","Mbour",NA,1,1,NA,NA,NA,"no",NA,NA,NA,9,"SEN_10"
"don",7,"don 05-Oct-2010, wer 8634","outbreak",2010,9,NA,NA,2010,"Senegal","SEN",NA,"gadm1",2640,NA,NA,NA,NA,"Thies",NA,NA,1,0,NA,NA,NA,"no",NA,NA,NA,9,"SEN_10"
"don",14,"01-Oct-09","outbreak",2009,9,NA,NA,2009,"Cameroon","CMR",NA,"gadm2",632,"10211","CMP010001001000000000",NA,NA,"South-West","Fako","Buea",1,1,0,0,NA,"yes",NA,NA,NA,9,"CMR_9"
"don",13,"don 1-Dec-2009, wer 8604","outbreak",2009,9,2009,"11",2009,"Central African Republic","CAF",NA,"gadm2",512,"9400",NA,NA,NA,"Ombella Mpoko","Yaloké-Bossembelle",NA,3,NA,NA,NA,NA,"yes",NA,NA,NA,9,"CAF_12"
"don",13,"don 1-Dec-2009, wer 8604","outbreak",2009,9,2009,"11",2009,"Central African Republic","CAF",NA,"gadm2",507,NA,NA,NA,NA,"La Lobaye","Bagamongone",NA,1,NA,NA,NA,NA,"yes",NA,NA,NA,9,"CAF_7"
"don",12,"don 08-Jan-2010, wer 8604","outbreak",2009,9,NA,NA,2009,"Cote d'Ivoire","CIV",NA,"gadm3",606,"10116","22531",NA,NA,"Denguele","Odienné","Minignan",NA,NA,NA,NA,NA,"yes",NA,NA,NA,9,"CIV_4"
"don",12,"don 08-Jan-2010, wer 8604","outbreak",2009,9,NA,NA,2009,"Cote d'Ivoire","CIV",NA,"gadm3",606,"10116","22530",NA,NA,"Denguele","Odienné","Madinani",NA,NA,NA,NA,NA,"yes",NA,NA,NA,9,"CIV_4"
"don",11,"don 12-Jan-2010, wer 8604","outbreak",2009,11,NA,NA,2009,"Guinea","GIN",NA,"gadm2",1060,"14347",NA,NA,NA,"Kankan","Mandiana prefecture",NA,9,3,NA,NA,"PRNT","yes",NA,NA,NA,11,"GIN_4"
"don",16,"don 30-Apr-2009, wer 8604","outbreak",2009,1,NA,NA,2009,"Republic of Congo","COG",NA,"gadm2",644,"10269",NA,NA,NA,"Cuvette West region","Mbama district",NA,1,1,NA,NA,NA,"yes",NA,NA,NA,1,"COG_2"
NA,319,"wer 8604","outbreak",2008,9,2008,"10",2008,"Cameroon","CMR",NA,"gadm2",625,"10175",NA,NA,NA,"Est","Haut Nyong","Abong Mbang and Nguelemendouka",2,2,2,2,NA,"yes",NA,NA,NA,9,"CMR_3"
"don",20,"don 30-Oct-2008, wer 8604","outbreak",2008,8,2008,"8",2008,"Central African Republic","CAF",NA,"gadm2",507,"9382",NA,NA,NA,"La Lobaye","Boda","Ngotto",1,1,0,0,NA,"yes",NA,NA,NA,8,"CAF_7"
"don",23,"don 20-05-2008, wer 8604","outbreak",2008,4,2008,"5",2008,"Central African Republic","CAF",NA,"gadm2",515,"9412",NA,NA,NA,"Ouham-Pendé","Bozoum",NA,2,2,NA,NA,NA,"yes",NA,NA,NA,4,"CAF_14"
NA,320,"wer 8604","outbreak",2008,10,2008,"12",2008,"Central African Republic","CAF",NA,"gadm2",512,"9397",NA,NA,NA,"Ombella Mpoko","Bimbo",NA,1,1,NA,NA,NA,"yes",NA,NA,NA,10,"CAF_12"
NA,320,"wer 8604","outbreak",2008,10,2008,"12",2008,"Central African Republic","CAF",NA,"gadm2",504,"9374",NA,NA,NA,"Haute Kotto","Bria",NA,1,1,NA,NA,NA,"yes",NA,NA,NA,10,"CAF_5"
"don",22,"don 08-Aug-2008, wer 8604","outbreak",2008,5,2008,"7",2008,"Cote d'Ivoire","CIV",NA,"gadm3",611,"10128",NA,NA,NA,"Lagunes","Abidjan","Cocody",NA,NA,NA,NA,NA,"yes",NA,NA,NA,5,"CIV_9"
"don",22,"don 08-Aug-2008, wer 8604","outbreak",2008,5,2008,"7",2008,"Cote d'Ivoire","CIV",NA,"gadm3",611,"10128",NA,NA,NA,"Lagunes","Abidjan","Treichville",NA,NA,NA,NA,NA,"yes",NA,NA,NA,5,"CIV_9"
"don",21,"don 29-Sep-2008, wer 8604","outbreak",2008,7,2008,"9",2008,"Guinea","GIN",NA,"gadm3",1064,"14366","25591",NA,NA,"Nzerekore","Bounouma",NA,1,1,0,0,NA,"yes",NA,NA,NA,7,"GIN_8"
"don",21,"don 29-Sep-2008, wer 8604","outbreak",2008,7,2008,"9",2008,"Guinea","GIN",NA,"gadm3",1064,"14366","25596",NA,NA,"Nzerekore","Urbain Commune",NA,1,1,0,0,NA,"yes",NA,NA,NA,7,"GIN_8"
"don",24,"don 25-Apr-2008, wer 8604","outbreak",NA,NA,2008,"4",2008,"Liberia","LBR",NA,"gadm2",1634,"19646",NA,NA,NA,"Nimba","Tappita","Zuotuo",2,2,1,1,NA,"yes",NA,NA,NA,4,"LBR_12"
"who",38,"wer 8413","outbreak",2007,8,NA,NA,2007,"Mali","MLI",NA,"gadm2",1848,"22102",NA,NA,NA,"Koulikoro","Kati",NA,2,1,0,1,NA,"no","included in preventive campaign in 2008",NA,NA,8,"MLI_5"
"don-who",25,"don 13-Feb-2007, wer 8413","outbreak",2006,12,2007,"1",2007,"Togo","TGO",NA,"gadm2",2817,"32303",NA,NA,NA,"Kara","Koza",NA,1,1,0,0,NA,"yes",NA,NA,NA,12,"TGO_2"
"don-who",25,"don 13-Feb-2007, wer 8413","outbreak",2006,12,2007,"1",2007,"Togo","TGO",NA,"gadm2",2818,"32305",NA,NA,NA,"Maritime","Lacs",NA,1,1,0,0,NA,"yes",NA,NA,NA,12,"TGO_3"
"don-who",25,"don 19-Dec-2006, wer 8413","outbreak",2006,12,2007,"1",2007,"Togo","TGO",NA,"gadm2",2820,"32314",NA,NA,NA,"Savanes TGO","Oti",NA,1,1,0,0,NA,"yes",NA,NA,NA,12,"TGO_5"
"don-who",25,"don 19-Dec-2006, wer 8413","outbreak",2006,12,2007,"1",2007,"Togo","TGO",NA,"gadm1",2817,NA,NA,NA,NA,"Kara","Dankpen",NA,2,2,0,0,NA,"yes",NA,NA,NA,12,"TGO_2"
"who",44,"wer 8308","outbreak",2006,8,2006,"8",2006,"Cameroon","CMR",NA,"gadm2",624,"10169",NA,NA,NA,"Centre","Province du Centre",NA,1,1,0,0,NA,"yes","A mass vaccination campaign was conducted in 7 health districts (Adamaouoa province, Central province, East province, Extreme-Nord province, Ngaoundere urban and rural districts, Ntui and Yoko districts, Maroua and Meri rural districts and Messamena district) targeting population of 823,649 people, admin vaccination coverage was 93%",NA,NA,8,"CMR_2"
"who",45,"wer 8308","outbreak",2006,11,2006,"11",2006,"Central African Republic","CAF",NA,"gadm2",512,"9398",NA,NA,NA,"Ombella Mpoko","Bossembele",NA,1,1,0,0,NA,"yes","A mass vaccination campaign was conducted targeting population of 6 000 people, admin vaccination coverage was 105%",NA,NA,11,"CAF_12"
"don-who",26,"don 19-Oct-2006, wer 8306","outbreak",NA,NA,2006,"10",2006,"Cote d'Ivoire","CIV",NA,"gadm3",616,"10144",NA,NA,NA,"Savanes","Korhogo",NA,NA,NA,NA,NA,NA,"yes",NA,NA,NA,10,"CIV_14"
"don-who",26,"don 19-Oct-2006, wer 8306","outbreak",NA,NA,2006,"10",2006,"Cote d'Ivoire","CIV",NA,"gadm3",608,"10121","22552",NA,NA,"Fromager","Gagnoa","Ouaragahio",NA,NA,NA,NA,NA,"yes",NA,NA,NA,10,"CIV_6"
"who",48,"wer 8308","outbreak",2006,10,NA,NA,2006,"Ghana","GHA",NA,"gadm2",1047,"14230",NA,NA,NA,"Brong Ahafo","Sene",NA,9,1,0,0,NA,"yes","A mass vaccination campaign was conducted in 5  subdistricts of the Sene district, targeting population of 91 476 people, reported vaccination coverage was 89,6%",NA,NA,10,"GHA_2"
"who",49,"wer 8308","outbreak",2006,6,NA,NA,2006,"Guinea","GIN",NA,"gadm2",1059,"14343",NA,NA,NA,"Faranah","Kountaya",NA,1,1,0,0,NA,"no","Mass vaccination campaign considered as not being necessary since one took place in 2005",NA,NA,6,"GIN_3"
"who",50,"wer 8308","outbreak",2006,9,NA,NA,2006,"Mali","MLI",NA,"gadm2",1851,"22127",NA,NA,NA,"Sikasso","Yanfolila",NA,5,3,4,NA,NA,"no","No reactive campaign took place since there was one in 2005",NA,NA,9,"MLI_8"
NA,32,"don 22-Sep-05, wer 8133","outbreak",2005,8,2005,"8",2005,"Burkina Faso","BFA",NA,"gadm2",311,"2996",NA,NA,NA,"Poni","Gaoua",NA,NA,NA,NA,NA,"IgM Elisa","yes","A mass vaccination campaign was conducted from Sept. 26th through Sept. 30th in the districts of Banfora, Batie and Gaoua taking 640,414 doses of vaccine ",NA,NA,8,"BFA_31"
NA,32,"don 22-Sep-05, wer 8133","outbreak",2005,11,2005,"11",2005,"Burkina Faso","BFA",NA,"gadm2",322,"3083",NA,NA,NA,"Ziro","Sapouy",NA,NA,NA,NA,NA,"IgM Elisa","yes",NA,NA,NA,11,"BFA_42"
"who",36,"wer 8413","outbreak",2007,8,2007,"9",2007,"Cameroon","CMR",NA,"gadm2",624,"10172",NA,NA,NA,"Centre","Nyong et Mfoumou","Akonolinga",2,1,1,NA,NA,"yes","Mass vaccination campaign took place from 19 - 28 November 2007",NA,NA,8,"CMR_2"
"who",55,NA,"outbreak",NA,NA,NA,NA,2005,"Cameroon","CMR",NA,"gadm2",624,"10167",NA,NA,NA,"Centre","Ntui",NA,1,0,0,0,NA,"no",NA,NA,NA,7,"CMR_2"
"who",55,NA,"outbreak",NA,NA,NA,NA,2005,"Cameroon","CMR",NA,"gadm2",623,"10163",NA,NA,NA,"Adamaoua","Ngaoundere",NA,5,3,0,0,NA,"no",NA,NA,NA,7,"CMR_1"
"don",29,"don 7-Dec-2005, wer 8133","outbreak",2005,9,2005,"9",2005,"Cote d'Ivoire","CIV",NA,"gadm2",621,"10157",NA,NA,NA,"Zanzan","Bouna",NA,1,1,1,1,NA,"yes","26588 people vaccinated, 89% in Bouna district. In a second vaccination campaign proceeded Jan. 29th through February 9th in 2006 a total of 153,235 people (coverage 89%) in the Bouna district and 101,830 (coverage 88.75%) in the Bondoukou district were v",NA,NA,9,"CIV_19"
NA,58,"wer 8133","outbreak",2005,1,2005,"1",2005,"Ghana","GHA",NA,"gadm2",1053,"14298",NA,NA,NA,"Upper West","Jirapa-Lambussi",NA,1,1,0,0,"IgM Elisa","yes",NA,NA,NA,1,"GHA_8"
NA,321,"wer 8133","outbreak",2005,6,2005,"6",2005,"Ghana","GHA",NA,"gadm2",1046,"14208",NA,NA,NA,"Ashanti","Atwima Mponua",NA,1,1,0,0,"IgM Elisa","yes",NA,NA,NA,6,"GHA_1"
"don-who",30,"don 28-Nov-2005, wer 8133","outbreak",2005,10,2005,"11",2005,"Mali","MLI",NA,"gadm2",1846,"22088",NA,NA,NA,"Kayes","Bafoulabe",NA,12,12,NA,NA,NA,"yes",NA,NA,NA,10,"MLI_3"
"don-who",31,"don 20-Oct-2005, wer 8133","outbreak",2005,9,2005,"10",2005,"Senegal","SEN",NA,"gadm1",2639,NA,NA,NA,NA,"Tambacounda","Goudiri",NA,2,2,2,2,NA,"yes","The MoH with WHO and UNICEF support has organized a mass vaccination campaign in Goudiri and the neighbouring district of Kidira targeting a population of 150,000 persons, to control the transmission of disease in this region..  The vaccine utilized in th",NA,NA,9,"SEN_9"
NA,31,"don 20-Oct-2005, wer 8133","outbreak",2005,9,2005,"10",2005,"Senegal","SEN",NA,"gadm2",2639,NA,NA,NA,NA,"Tambacounda","Koumpentoum",NA,NA,NA,NA,NA,NA,"yes",NA,NA,NA,9,"SEN_9"
"don",28,"don 9-Dec-2005, wer 8133","outbreak",2005,9,2005,"12",2005,"Sudan","SDN",NA,"gadm2",2628,"31070",NA,NA,NA,"Kordofan","Dilling",NA,NA,NA,NA,NA,NA,"yes",NA,NA,NA,9,"SDN_5"
"don",28,"don 9-Dec-2005, wer 8133","outbreak",2005,9,2005,"12",2005,"Sudan","SDN",NA,"gadm2",2628,"31070",NA,NA,NA,"Kordofan","Kadugli",NA,NA,NA,NA,NA,NA,"yes",NA,NA,NA,9,"SDN_5"
"don",28,"don 9-Dec-2005, wer 8133","outbreak",2005,9,2005,"12",2005,"Sudan","SDN",NA,"gadm2",2628,"31070",NA,NA,NA,"Kordofan","Rashad",NA,NA,NA,NA,NA,NA,"yes",NA,NA,NA,9,"SDN_5"
"don",28,"don 9-Dec-2005, wer 8133","outbreak",2005,9,2005,"12",2005,"Sudan","SDN",NA,"gadm2",2628,"31070",NA,NA,NA,"Kordofan","Talodi",NA,NA,NA,NA,NA,NA,"yes",NA,NA,NA,9,"SDN_5"
"don",28,"don 9-Dec-2005, wer 8133","outbreak",2005,9,2005,"12",2005,"Sudan","SDN",NA,"gadm2",2628,"31070",NA,NA,NA,"Kordofan","Abu Jibeha",NA,NA,NA,NA,NA,NA,"yes",NA,NA,NA,9,"SDN_5"
"don",28,"don 9-Dec-2005, wer 8133","outbreak",2005,9,2005,"12",2005,"Sudan","SDN",NA,"gadm2",2628,"31070",NA,NA,NA,"Kordofan","Abyei",NA,NA,NA,NA,NA,NA,"yes",NA,NA,NA,9,"SDN_5"
"don",28,"don 9-Dec-2005, wer 8133","outbreak",2005,9,2005,"12",2005,"Sudan","SDN",NA,"gadm2",2628,"31070",NA,NA,NA,"Kordofan","Lagawa",NA,NA,NA,NA,NA,NA,"yes",NA,NA,NA,9,"SDN_5"
"WHO ",367,"10-Aug-18","outbreak",2017,8,2017,NA,2017,"Nigeria","NGA",NA,"gdm2",2039,NA,NA,NA,NA,"Kwara",NA,NA,NA,NA,NA,NA,NA,NA,NA,NA,NA,8,"NGA_24"
"WHO ",367,"10-Aug-18","outbreak",2017,8,2017,NA,2017,"Nigeria","NGA",NA,"gdm2",2038,NA,NA,NA,NA,"Kogi",NA,NA,NA,NA,NA,NA,NA,NA,NA,NA,NA,8,"NGA_23"
"WHO ",367,"10-Aug-18","outbreak",2017,8,2017,NA,2017,"Nigeria","NGA",NA,"gdm2",2035,NA,NA,NA,NA,"Kano",NA,NA,NA,NA,NA,NA,NA,NA,NA,NA,NA,8,"NGA_20"
"WHO ",367,"10-Aug-18","outbreak",2017,8,2017,NA,2017,"Nigeria","NGA",NA,"gdm2",2037,NA,NA,NA,NA,"Kebbi",NA,NA,NA,NA,NA,NA,NA,NA,NA,NA,NA,8,"NGA_22"
"WHO ",367,"10-Aug-18","outbreak",2017,8,2017,NA,2017,"Nigeria","NGA",NA,"gdm2",2042,NA,NA,NA,NA,"Niger",NA,NA,NA,NA,NA,NA,NA,NA,NA,NA,NA,8,"NGA_27"
"WHO ",367,"10-Aug-18","outbreak",2017,8,2017,NA,2017,"Nigeria","NGA",NA,"gdm2",2041,NA,NA,NA,NA,"Naswarawa",NA,NA,NA,NA,NA,NA,NA,NA,NA,NA,NA,8,"NGA_26"
"WHO ",367,"10-Aug-18","outbreak",2017,8,2017,NA,2017,"Nigeria","NGA",NA,"gdm2",2053,NA,NA,NA,NA,"Zamfara",NA,NA,NA,NA,NA,NA,NA,NA,NA,NA,NA,8,"NGA_38"
"don",369,"09/01/2019",NA,2018,11,NA,NA,2018,NA,"NGA",NA,"gadm2",2027,NA,NA,NA,NA,NA,NA,NA,NA,NA,NA,NA,"https://www.who.int/csr/don/09-january-2019-yellow-fever-nigeria/en/","NGA_12",NA,NA,NA,11,"NGA_12"
"don",368,"07/09/2018",NA,2018,7,NA,NA,2018,NA,"COG",NA,"gadm2",645,NA,NA,NA,NA,NA,NA,NA,NA,NA,NA,NA,"https://www.who.int/csr/don/7-september-2018-yellow-fever-congo/en/","COG_4",NA,NA,NA,7,"COG_4"
"wer",366,"11/08/2017",NA,2016,3,2016,"9",2016,NA,"UGA",NA,"gadm2",3092,NA,NA,NA,NA,"Kalangala",NA,NA,NA,NA,NA,NA,NA,NA,NA,NA,NA,3,"UGA_15"
"wer",366,"11/08/2017",NA,2016,3,2016,"9",2016,NA,"UGA",NA,"gadm2",3129,NA,NA,NA,NA,"Rukungiri",NA,NA,NA,NA,NA,NA,NA,NA,NA,NA,NA,3,"UGA_52"
